code,color_catalog
001,WCP
004,WCP
005,WCP
007,WCP
010,WCP
011,WCP
017,WCP
018,WCP
023,WCP
024,WCP
025,WCP
028,WCP
0300-N,NCS S
035,WCP
0500-N,NCS S
0502-B,NCS S
0502-G,NCS S
0502-G50Y,NCS S
0502-R,NCS S
0502-R20B,NCS S
0502-R50B,NCS S
0502-Y,NCS S
0502-Y20R,NCS S
0502-Y50R,NCS S
0505-R70B,NCS S
0505-Y20R,NCS S
0520-B10G,NCS S
0520-R20B,NCS S
0570-Y30R,NCS S
0585-Y70R,NCS S
0601-B,NCS S
0601-G,NCS S
0601-Y,NCS S
0603-G80Y,NCS S
0603-Y20R,NCS S
0603-Y40R,NCS S
062,WCP
070,WCP
078,WCP
0804-G90Y,NCS S
0804-Y30R,NCS S
0907-R50B,NCS S
0907-R70B,NCS S
0907-Y30R,NCS S
096,WCP
098,WCP
1000-N,NCS S
1001,RAL
1002-B,NCS S
1002-G,NCS S
1002-G50Y,NCS S
1002-R,NCS S
1002-R50B,NCS S
1002-Y,NCS S
1002-Y20R,NCS S
1002-Y50R,NCS S
1002-Y80R,NCS S
1005-B,NCS S
1005-R20B,NCS S
1005-R50B,NCS S
1005-R80B,NCS S
1005-Y20R,NCS S
1005-Y30R,NCS S
1005-Y50R,NCS S
1005-Y60R,NCS S
1010-G20Y,NCS S
1010-R,NCS S
1010-R10B,NCS S
1010-R40B,NCS S
1010-R90B,NCS S
1010-Y70R,NCS S
1013,RAL
1014,RAL
1015,RAL
1015-R10B,NCS S
1015-R80B,NCS S
1016,RAL
1019,RAL
102,WCP
1020,RAL
1020-R,NCS S
1020-R40B,NCS S
1020-R90B,NCS S
1035,RAL
1036,RAL
1050-B50G,NCS S
107,WCP
112,WCP
114,WCP
115,WCP
116,WCP
117,WCP
118,WCP
12,WCP
121,WCP
124,WCP
125,WCP
127,WCP
128,WCP
129,WCP
13,WCP
130,WCP
131,WCP
133,WCP
135,WCP
136,WCP
137,WCP
139,WCP
140,WCP
141,WCP
146,WCP
148,WCP
150,WCP
1500-N,NCS S
1502-B,NCS S
1502-R,NCS S
1502-Y,NCS S
1502-Y20R,NCS S
1502-Y50R,NCS S
1505-Y10R,NCS S
1505-Y20R,NCS S
1505-Y30R,NCS S
1505-Y40,NCS S
1505-Y40R,NCS S
1505-Y50R,NCS S
1505-Y60R,NCS S
1505-Y70R,NCS S
1505-Y90R,NCS S
1510-G20Y,NCS S
1510-R20B,NCS S
1515-R90B,NCS S
152,WCP
157,WCP
158,WCP
161,WCP
172,WCP
176,WCP
177,WCP
185,WCP
186,WCP
200,WCP
2000-N,NCS S
2000-Y50R,NCS S
2002-B,NCS S
2002-G,NCS S
2002-G50Y,NCS S
2002-R,NCS S
2002-Y,NCS S
2002-Y50R,NCS S
2005,RAL
2005-G20Y,NCS S
2005-R,NCS S
2005-Y10R,NCS S
2005-Y20R,NCS S
2005-Y30R,NCS S
2005-Y40R,NCS S
2005-Y50R,NCS S
2005-Y60R,NCS S
2005-Y70R,NCS S
2005-Y80R,NCS S
2009,RAL
2010-B,NCS S
2010-R90B,NCS S
2010-Y10R,NCS S
2010-Y20R,NCS S
2010-Y30R,NCS S
2020-B10G,NCS S
2020-B90G,NCS S
2020-R90B,NCS S
2030-B,NCS S
2030-B70G,NCS S
2030-G60Y,NCS S
2030-R80B,NCS S
2030-R90B,NCS S
2030-Y30R,NCS S
2040-Y50R,NCS S
21,WCP
22,WCP
223,WCP
226,WCP
227,WCP
231,WCP
233,WCP
236,WCP
237,WCP
240,WCP
241,WCP
246,WCP
247,WCP
248,WCP
249,WCP
2500-N,NCS S
2502-R,NCS S
2502-Y20R,NCS S
2502-Y50R,NCS S
2503-Y50R,NCS S
251,WCP
258,WCP
26,WCP
260,WCP
262,WCP
266,WCP
269,WCP
272,WCP
285,WCP
292,WCP
298,WCP
3000-N,NCS S
3003,RAL
3005,RAL
3005-G50Y,NCS S
3005-Y20R,NCS S
3005-Y30R,NCS S
3005-Y50R,NCS S
3005-Y80R,NCS S
3007,RAL
3010-B30G,NCS S
3010-B90G,NCS S
3010-G,NCS S
3010-G20Y,NCS S
3010-G80Y,NCS S
3010-Y20R,NCS S
3010-Y30R,NCS S
3010-Y40R,NCS S
3010-Y50R,NCS S
3010-Y60R,NCS S
3010-Y80R,NCS S
3010-Y90R,NCS S
3020,RAL
3020-B50G,NCS S
3020-G10Y,NCS S
3020-G60Y,NCS S
3020-R,NCS S
3020-R20B,NCS S
3020-R70B,NCS S
3020-R90B,NCS S
3020-Y70B,NCS S
3020-Y90R,NCS S
3030-B,NCS S
3030-Y20R,NCS S
3050-R20B,NCS S
3050-Y80R,NCS S
3054,RAL
3500-N,NCS S
3502-N,NCS S
3502-R,NCS S
3502-Y,NCS S
3502-Y20R,NCS S
3502-Y50R,NCS S
3560-R,NCS S
36,WCP
4000-N,NCS S
4005,RAL
4005-R50B,NCS S
4005-Y20R,NCS S
4005-Y50R,NCS S
4005-Y80R,NCS S
4009,RAL
4010-B50G,NCS S
4010-B70G,NCS S
4010-G10Y,NCS S
4010-G30Y,NCS S
4010-G50Y,NCS S
4010-Y50R,NCS S
4020-B,NCS S
4020-B10G,NCS S
4020-B50G,NCS S
4020-G10Y,NCS S
4020-G30Y,NCS S
4020-G50Y,NCS S
4030-R90B,NCS S
4040-Y80R,NCS S
4148-Y63R,NCS S
45,WCP
4500-N,NCS S
4502,RAL
4502-B,NCS S
4502-R,NCS S
4502-Y,NCS S
4550-B80G,NCS S
5000,RAL
5000-N,NCS S
5001,RAL
5005-Y20R,NCS S
5005-Y50R,NCS S
5005-Y80R,NCS S
5007,RAL
5008,RAL
5010-B50G,NCS S
5010-G30Y,NCS S
5010-G50Y,NCS S
5010-G70Y,NCS S
5014,RAL
5015,RAL
5018,RAL
5020,RAL
5020-B10G,NCS S
5020-B70G,NCS S
5020-B90G,NCS S
5020-R80B,NCS S
5020-R90B,NCS S
5023,RAL
5040-B70G,NCS S
5040-R30B,NCS S
5040-R40B,NCS S
5500-N,NCS S
5502-Y,NCS S
5502-Y50R,NCS S
6000,RAL
6000-N,NCS S
6001,RAL
6002,RAL
6003,RAL
6005,RAL
6005-B80G,NCS S
6005-Y20R,NCS S
6010,RAL
6010-B70G,NCS S
6010-B90G,NCS S
6010-G10Y,NCS S
6010-G30Y,NCS S
6010-G70Y,NCS S
6010-R90B,NCS S
6010-Y50R,NCS S
6011,RAL
6013,RAL
6019,RAL
6020-B10G,NCS S
6020-R90B,NCS S
6021,RAL
6026,RAL
6027,RAL
6028,RAL
6030-B30G,NCS S
6030-B70G,NCS S
6030-G10Y,NCS S
6030-R90B,NCS S
6033,RAL
6034,RAL
6035,RAL
6037,RAL
62,WCP
6500-N,NCS S
6502-B,NCS S
6502-G,NCS S
6502-Y20R,NCS S
665,WCP
67,WCP
68,WCP
7000,RAL
7001,RAL
7002,RAL
7004,RAL
7005,RAL
7005-B20G,NCS S
7005-B50G,NCS S
7005-R20B,NCS S
7005-R80B,NCS S
7005-Y50R,NCS S
7005-Y80R,NCS S
7006,RAL
7010-B90G,NCS S
7010-G30Y,NCS S
7010-G60Y,NCS S
7010-R70B,NCS S
7010-R90B,NCS S
7010-Y50R,NCS S
7011,RAL
7012,RAL
7013,RAL
7015,RAL
7016,RAL
7020-B10G,NCS S
7020-B70G,NCS S
7020-B90G,NCS S
7020-R80B,NCS S
7020-R90B,NCS S
7020-Y90R,NCS S
7021,RAL
7022,RAL
7023,RAL
7024,RAL
7030,RAL
7031,RAL
7032,RAL
7033,RAL
7035,RAL
7036,RAL
7037,RAL
7038,RAL
7039,RAL
7040,RAL
7042,RAL
7043,RAL
7044,RAL
7045,RAL
7046,RAL
7047,RAL
7048,RAL
7090,RAL
7500-N,NCS S
7502-B,NCS S
7502-R,NCS S
7502-Y,NCS S
754,WCP
8000-N,NCS S
8002,RAL
8003,RAL
8004,RAL
8005-G,NCS S
8005-R80B,NCS S
8005-Y50R,NCS S
8005-Y80R,NCS S
8010-R70B,NCS S
8014,RAL
8017,RAL
8019,RAL
83,WCP
8500-N,NCS S
8505-Y20R,NCS S
9000-N,NCS S
9001,RAL
9002,RAL
9003,RAL
9004,RAL
9005,RAL
9006,RAL
9010,RAL
9011,RAL
9016,RAL
9017,RAL
9018,RAL
9023,RAL
9024,RAL
98,WCP
BNC,Custom
G440,Tikkurila
J496,Tikkurila
K-025,Kemilak
K-028,Kemilak
K-034,Kemilak
K-076,Kemilak
L385,Tikkurila
L503,Tikkurila
Базовый Белый,Custom
по образцу,Custom


